id,categoryId,categoryName,name,photoUrl,tagId,tagName,status
1,11,Dog,Dog1,"data:image/jpeg,base64,/9j/4AAQSkZJRgABAQAAAQABAAD/2wCEAAoHCBYWFRgVFRYZGBgZGBgcGBkcGhkaGBgYGhgZGRgYGBkcIS4lHB4rIRgYJjgnKy8xNTU1GiQ7QDs0Py40NTEBDAwMEA8QHhISHjQrISc0NDQxMTQxNDQ0NDE0NDQ0NDQxNDQ0NDQ0NDQ0NDE0NDQ0NDQ0NDQ0NDQ0NDQ0NDE0NP/AABEIALsBDQMBIgACEQEDEQH/xAAcAAABBQEBAQAAAAAAAAAAAAAFAQIDBAYHAAj/xAA+EAABAwIEAwUFBQgCAgMAAAABAAIRAyEEEjFBBVFhBiJxgZETMqGx8BRCwdHhBxUjUlRicvGSolPSFjM0/8QAGQEAAgMBAAAAAAAAAAAAAAAAAQMAAgQF/8QAJhEAAgICAgICAgMBAQAAAAAAAAECEQMhEjEEQRNRIoEUMnFhBf/aAAwDAQACEQMRAD8AifXzOVplOQhtMXRug2yEptmaMbK32eEvs4VtzFHUak3stxIA+FG6qeak9moKtMpsZFHEmoY1zd1eo4suIQRmqIYNhmU5ZK7KqLNDRYEmJY1QU6hXqjiVaWZJFlDZQxlEFY3tLTGQrbYlpgrD9o3GClfNy0HhTMQvQnRdFcBwZ7xmiG/zHTp4piGXQIMrzQVoxwAWEuJJgRaf8RqUQ4d2bYajczTAvlkkGCLdb+SsosCkBeEYakWVDWa+co9mQS1okgl1hLiBYDS9wdh+CwFWo7IxjnO3A0GlyTYC+66NicIx8WIM6DQRqANSdeSiwVJtNha10knM67SWjYQDEfRQqJbZkm8Ca1xbVq97QCmMwB5FxifIJKvCKYk56hA/tYPiTZG8fw1xOcEh9pMASJ5jdNpYXM0se0s52MHmSfPXqgEG4bs/Te0uZVJI1a7K0eGfZUjTw7SWPa5jgTJD8w6QdAOsKvxPBvpnLfITaZ+IVHX6A8goQu4jCNkZHtIPMnygxdUnsIMGxRjhxY5pa95A2JJkc51kIyzANDP4dRjre8S4tPK0T5K1IrbMjhh3gtVgGWQ6oxjCc4Dj90sMGetrqfCcRaIAY+Ji8G3OQAq1sq9kvEAs3X95afHAObmbcRexEeoWbxLLq0n0UgqZFK9JShicKZVRloaJXpUrcOVG9kKaJyGuKSUpCSUQ2dZ+zwUaw1CyYcN3kfweFGVYVIesYL+zKCphVpThgoX4QKckH4zOtwqjq4RaYYMJjsGFORPjMiMCZRHDYU8kcGBHJTMwoCDlYViSBTaBUzcMiYw4T/ZhVcifGZ/F4exWE7S4bVdTxNAQsjxXAB7gCLSrY1clRWcdGE4HwQBvtaondjDuP5jy3t1Wpw1HPJdZoFmi3VoA5aIhUDW2AkgWtbc6eQsm1jkpucBEC3V0wNdI/Fb3OMVSExg2yj7anTLiBnqaBrZ7kyLu2Og81CziMkjJlMxMnMeYJGgQ3iWFqNpl7HhjYLodMumJP+UzZA+F8VqDunK9t5B3ve35pUMqmrTGzxODpo2FfM4ZRNosNhIuLaxO6ibTJ63tYWPnM/oq+G4qx0McA03hoNjOgmY+atMdBIFnWtoSLG/OI5K4sRwMSWXBMZdfidbcvDVU8TWIMghtrDaYgjLqbE7R80vEq7xZtr27x12Ow0080NfjXQ4F1jruQefI36qEFfTZXY5ndDxJiYG8gNgb+B8VkH0y1xaRBBgytH7S8hwkbGSSTGmwPp4p3EcOyu3MSGVRMSe5Ub/kNHD6ChDO1Gkd4aWHgSNJ38U1lQjQn65q/QwrgXU3gd4dw2LXEcnDXVCyimRpDnOvrKex5m0/L5KOV4KAoN8N4q9kiQWnVpLj6xZXHYjDVBmfTa3+6m+0/wBzHfgs4OsfXRXMNRzHKDTMg3Bg+BH6KX6ZGvZoqPBWPE03Zh1BB/JQYrhLmahVuF4tzWlucgtOl7bao7S4oKrTTfGduh3cN5H8wjzSppx2iUmjOupwqeJbZE8cIKEV6kq0XasTTTKxCSE95TExF0d7c8ZkawdUQslWxHeRTCYq2q5HyJHTUbNAaoSe1CFfaUhxCHzIPELe1CTOEJ+0dU9mIUWZMPEJOqQmjEhC6+JVI4szqjKdFUjQ/aAlNcIG3EpzcSlvMW4lji/EcjJPQDkSTAE7FZXHcYAim538Qlx7pAjSL7zcR0Te03Es1Cvf3W92D3gWunNA0EiJ6rJdnMBUqPNR7jAJMuJN7x8Tp0W+GKSalf6M0skaarZrcDVJbcgk6WMECPh3VV7WVslBuU3zg9Ld4n5eivUx3QGnugCD5D/azXa7EuL2Bw7g3BHvbh3jYj8Fpa1QlS2DftFTFFjC7KCYcddeU6Qlo4zCNJphtR2WZc0AttrDReFLSq9wCgzPVfNhHdGU316i6rcEZiaIqMpudRdUbDn5QS5okFgfBLTcm0EkdFSMYxWkXlJye3sv4TE0HxGUxPiBtbblHUqWs4sH3iwmWwbDlldtNt/LdQP4ZnLCZGUHO8Eh7+QtoNTJ5aJ+OoNZ/Ec4sa7QZveG4DXe/rrIVlJgklF0T1agIgk6ANgNPpmExJ0+SB1sTHKZg3Ol7kfWirYziZMtaIE903B29PXxVZlJ7wZgdSPl4wjYtst18URIyiIvvMG1jodpCpYmpN4i3TRSVMO6Dmvb4aKlUB+tEbAwrwfEjvNdecpEnRzTYgc+qG8Tp5ar28nH43/FMpViw5hsr3aRsYh8CJDD6saVFph7QKTkidCIBzB+nkiLnucwWaJ5AX8eR2Q9hiDGk+atZ2xuNRF7i5EjxtP5IMKCGDAZL3CLAuGwMaK9hqZymplhz+94NJkD4/FUuE4J1d0wcjPe1gzBDOuk+a0FWmQI5JGTIk+PsKRn8e7umUFJWgx9OUHqUYTYP8RUnUisUikcyEyExETs6rWqd5E8NVssxWxXe1RLC4qy4M4SSTOnGWw62upRUQUYtSDFqnEZyCj6qj+0oY/GBVamPCtCFlZTC9XFKoMSJQLGcR5IhgeHVSM72uA1DBd5m9x92y1R8ec9IS80V2ExX6qRlUnQee3qhWNfVpCTTLP8mku/7eKBO43U7zy9xa1waSfdzHRp2G/JaI/+c0uUmv0LflJukiet2eZnr1K1S77UyCe60nv52j3rWy9ZRGniaDGNY2S1gDRAtqbugyd5Q/DPrvcXh8tJlrXRp0aNIk/qrTsE5oBeC47kQAJ5gDronLPBPjewfDJrlQmK44WiGsBadxIP/HTfTwQnFYlz2GCHCwIvbnb60V3F8P8AvAwYnYbXFhbxQ52EcD3czb7G2vwCvysW1QEwOZj7OILTLdiN/wAPgi1fFVHvL5gwJju+BsmV+GOLg4RI5SQRr+aLUaQa0ggE5YAkiSYkA72iylEH4B7rG2aLmQN5kA79OircQD3GM3MZcrZJ0LgTPwmFaxOKcGloaW9CBaTJBaQD163VNjok/wAwmYPz3nr8VCAmtgCIgHUCImTckncj63V2mywkGwkzr9RefRPa6Zj3REk/ANJjkJ00Slzb7Ej3jIAB2tOYyfloFLBRF7Nl8wkbbXOhsCd9NUPx3CnZS5l27iBm+ui9isRyNpnUCSdbEeHovcL4rkJLhmkgkTrrA9bnwCkrStBi03UgJVYRIIIMGxRLtC2azn7PbTc3/F1JhC1wpUa7JyMeYlzRIJHSOXOdkL4lhGwwWMMDN7GnIGv9hb6KkMvJ1VMvkxOKtO0ZFOU+KwuS+oNvNQsH1+aeIEV7heAfiHinTGt3HZrR95x+Q3VLLsuldkaVJlAZIJPvm2Yu5HkBslZp8I2i0Um6ZfwfDm0ababBYC53c7dx6lVcTSPJFqlQKKxXMtt2x7qqMtisJrZAsTRgraY6mFmuJALbgm3oyT7AFdqrwr1Ziqlq1IrFmiqVrq7hsUY1QWpUupaVeyyyxWh6ybDH2o81KzFFB21wp2PS3hX0W+Vl2rijzVKpiTzT3FVajJKvGCRWWSyxgsa1j/avbmFMF4bEy4EBs9BM+QWr7YcfqDDNr4Z5pioxl2kFxa4lr4MSNRfULJ4bDEnK3V0NE6XI16IhTwr6DWUK2R4Y14ezVrmPcSDGkgZY5WTVJpf8JFqQD4P2orMLm1XvrtLSWtc8uLXxAcCbzHkmUcDVcA+owhjyYbmjM+7WHJMwCfwWgrU+GsZ7RrKz3yGspnIG5oEvLp90QZ3OnMivgi+o9r3tAyA5WDugOgElo2BjmdVZzpaLKNsO4LDhmUgZQ1sbnYabu/RE68w2ABA08TNhuh9CoXXbGpLgfIyACII28FYeRDiTpJu42NtCL7wuJKUo5LOzFRlCirjqDiIFiZ1v1N5shuEpPJcDMgCIjwGYHT8ZRh4Y6e9JIM3mdbgu05eSFVqLwS5jXROjpa8ECfAhbsOflpmPLgraLApA2beN+drTy1/VSv4c8iJ1i9xoIgwPLXkgj+LuaACPEQCDsDpNunNS4Xi7zbKYzAD3bnW8kWTpTkuhUccZOmFW4BzTkiYsLkOiNgbGOZVfE8Mc4kNkgA6BpI5kwba/BSMxs6xveCADvIKeOIhozmxvoBysY+d5Wd+Rl9I0rxcddlOpw58FkiBezIJO+p0nx+KHYvh9WDEw370TbYSDO55BGx2hoiJ7pi5EFw5amNfBSDjWHfbO1+hgkXAvEGIOlpU+fMu4lXgx/Zz/AB1F4JkawLb9SPRVRQ6O8hBnkujPdRdPcsYgGLAi8Q7TqZRfh3BsKWOIpN7wFyb6zae7yurvzeK3Fiv4ib0zleFe9lwSNek/BGW44lgc8AtJGbUudycJ0MWjcLQca4YQx+QNLWzAlpDL8hBnyXPatUhxi0E7n/XwTsU1l/Jdi8kXj/Fu0Hq9GjUYcj80AuMiC28XG36LPV6eQlpn8fRQteQZBg9LfJSV8QXwXRIEEjV3V3VaUjKxriiXBOLuovkSWuEOaN+RHVCkrHlpDhqCCFJRTVMFHSaeOzgOBkET6q1TxCx3DOIWy3jUTAI5t+KMUcWCsM8FdFHJ2EcXWss5j3SUVqVgQhWLcmYY8RbdgyoqVTVX6jVAaC1hTJXFMBKL/Yp2UzOHf2pPyxL0BgSp6LyEQfw7omjh5CPOLKO0RCsk9op/3e5O/dxQ5QBZY4ZiIewtEua4OAtfKZi/gUW7R8PNOuXsj2VRgdSts4NIYTyBkDyQEYB40K3XC6f2jBtpE/xKHdBOpYZLSPA28gk5JJbRp8Zpun7MKzDgjO8Xi1/dBIiG7SLz4pcPi8rmmLA7Sd9h5IvjsL3vYgZDJyvEuaZdOQ7gNjWN4Qo8MLW5vaMgglrs4ykSRM+INkOSejUotM0eDeHtyl9vukCCIA1ltj0357K22kzUuEkQS0XLNL2205IFgaEAwWuGU5iHS0BsgkxyJF+o2lFHO+9E2NwdRIiJNrR3eiw5Mf5aNsJ6LD8cycrGl5Is5s5REWsLeuyHcRJcwmsQANg+J1IkWnqncQ4kWWY0OLhIzZe4I36zt09crxLij3kh7swkZRbLpqOfmrYcMm7WkTJmilXbJnYkkFpAAmYkjXkpaGLyNvcb/wA0croK3FAX15lU69dzj+X6LofHemYnlcdoNVuMjMCACAbGBPqoXcQcQC2C7rqIvfrroUKLHNu45TynvHyGiifWcbZiZ256beSusUfQt55PsI46u4gEvbf7oMuHiNI/FUTTabl8mfujp1iDcqs5pBg67+KVrZTVGkLc23YV4dVZnDXve1nXlHSwWn/e78O0Q8vpk90kkuGaIB6flvCwobeDuOe50Wyp0y7AiWhzg2Ji/LKedoPSOqy+RCOr6bo1eNNu1+zZ1C44YOi+WxMkEECT0bB12hcl4wP4rvFdPbxKcKzJLf4QbNrENEROhkWXL8eO+dQd55/XzSPBi4uVl/NaaRSheTnNTYXTOeeSFKEihC5g3kHykfijeEMiR/o7hA8HBO8wQPHr0R3s1BrBk2qCBP8AO0S3wm480J/1v6EyWy0WlROoErYt4MeScOCnksfzoVUjGfY+id9gPJbQcGKd+5lP5AakRs4X0VhvDRyWgbhlI3CdFk4yY5Izn7rC9+5wtKcLCT2SPGSJRnBwcJw4SFoRSXjSUqQOKM9+6QpsJhDSeHskEbc+YPRG/ZpDSCHGQUqdoyPa6kYFRggSCRsLEO21j5rlWKa5sNLnFrZDJJIAkmANAbnRd+r4VrmkOAI3HRYXtD2EeSXUIeJs2wcP0TsE3DUuvs1vIsi3pnN21S0gtJbAixI52+KuUeJVwC4EvaNZbLRHOLD1C23ZXsA8PFTFsGRs5acg5joM8fdGsbrZ8bxrMNSyimHlwysohvddzzNAswT+GqfLLG6SsVGUrpHFjxR5iWtMcs9/VxTX4xx+4B5ldN4T+zDOz2mJf7Nzxm9mxre5mJOUkyBroNNJTMb+zptNjn+1FpIlp0G7v0TNfQ9KUl2c2pUXOEuIa1Nq4nZkgfzfePhyCvV2Tmt3BMXieRI8iqRw8i0j63lGIODKbjf6urnDsG51XKTlc0yQQQZEa8tRrzRHs5wE167W5soa3OTEyGObaJ3JAW77QBlBhxDmjMYaRbv7hp56K7f0JknF0zmHEaGWo9szFzeddbqCiyxdMRpzNlZxNcHMWtbD3OI5tBOkeZCXA4Zhd38zQCM7hEMmwzSOc23RV9AaLHAcBnqZ3yGMa57nTFmNJDR1JAH0J0H2rNhmN+9lE3aQSfesLtugFfiVjQo92mSBnMhz2CBLuQkF0dY2RR7wWNA0Bhp3dlgRJNwYSc6TaX0aPHdWwxhcSThg1pjLmEAjvA6NMjeLbSVh8SCHkzN9TqOkLYcOpnOQAXMcw5ts0Xkcjptz8wfEabXVwAAJmR3h5mTbwScLUZOh2eLlFMEVaBbcqtKM8VBAyudYXgAgRENERe+6DrXF2rMMlTo8CmpzUhVwHkVw1RoY0h0PDpHvC4u0ybGEKClZUIEbTKgJK0d/4U8VaNOqPvsa7zIuPWQrP2ZZ39m2LD8I1kyab3DqATmH4+i10QubPHxk0URWGGXvs6twmlBRQT1FivspiEMo1YV1uJsmIKY3ENhUXlT4itKplyrIDY8uSyo07MqgHJVEXJQ9Qg8BKEwvXsyLohYoUi8wP9BFaeGaI7otvAn1TcHh8jb6m5/JWFpxwUVbHwjWyOs6JXP/ANovFHMo5G6vOWZiBqfCwIW14nXyMLjsCuTftIovZXpNc4Oa6nnY4bkmHelvVMfRpgkkjJMoyZiOfS6vswriHZW+6JcYJAAgZiY8NVNgqDDmc94YxoBc+C9xJ90BggwSLnZafsj2gp4enUcKZe+oQ05i1oytBg6S5skz4jVB9D1S9b+g12a4JSw2COJruax7+/nMSGfcYCL31gc+i5j2m4u/E1clJz3sBOQBpzEc4FzqdlqeL8U+0PyVHk0soOQWYHRBaOlzErOYnjFOgWDDtaCxwLi2WudY2e8GXXiL7IRYnLiSuUmU8BwtrAX1XgOALmsDS+S0iWvg9x0GYKp47GtDX02FxD3BxLtbRDesc1DiOI1HlwLnZXPc8tk3c4ySqjGyfmmK/Zlk49Iv8Nw7YzuNtDppMRB3si9JudzckhkxqNR+kETy1WezkwJNj6cgEX4Q7NUaCIkgeAHLw1hLyLTY7C90bLBMaxr3auIOWRpIvLVk2PL6z3udAaNQf+pAG+hkIpx7GhjXsZJJtYNLQPAiw31QfAhtNhe4Bxf/ADWaDaMovmN1mwwpOXtmjNLdekUuMYovfJIPgAOkGNT/AKQ5wU+KeS5znCCTYBuUAaCBsIhQLdBUqOfJ27EhInJFYAickSyoQ137PePDD18jzDHwPB02PxXZ2PDrggr5rC2PY7tc/DnJVcXsJsSScvMX23SMuJy/JFWjsj3wo86r4THMrMD2OBBEiCCnLL/pVjGvTxVUTivByqnTASOekBUZcla5GyDymkp4Xig0EZCRPSINEEV3hVDM+To2/nt+fkqiO4KjkYBubnxP5K+KPKX+F4RtlpNcUoKjxDw0ElbR6VsyXbbiDmUy1jS55Bho1P8AKPUrHdtqbMTh6DzUyvY0hu+Zrg3M0ibXaL7IZ2v7TPfjMlF1mS0wA6XToBzF/MnkhzKT3jNADiSCHkyTaLAQNbeGiKinsmSdSr0iCjxHI7Jmmm4BpB90AXBE6EEn1UOJrPz9wFwaBD4hvM96Ij8lLiML7KHuZTd3i3MKgMPAJALQJaTBieW1lVxeNe/3zl5jvaRbXY+CHHYXktFVzKlSS54AFruyjyCQ4K5DnssCQ6Ya4jVoebT0XnVABDW3ixzGT1EQqz39TfafifRRC277HPYJLYuHHlEdIJvvqdU0kCw9d03KSpGtAH18lYqlY6iOeiJcGOWoD0tzuQJ8Y9dEOp3MR5HdXsJTdUe1rARLgJvAmJjn+iXkenZoxraoPU8G7EVg4guY065SQ51oAE9Lwp+IcLyNc+qLwYaAc5J0aCJiBqdonWI2nCOGNpsDGahsG1+p5DdBO1uLY0BgeGmSYgOcSRBJki/Uz4LlYvJlPIlHo35scYwd9+/9OZ8RdLzbKDoOkWlVWqxjKoe6whomNJ65juVA5dqPRxxEkpQF4okPBeXgUqhDwTkgXkSBzs52ifhXEtALXRmB2A5evyXY+E8TFam2oBGYAkToeU2nxXASUf4R2krUm5AA8CAM0nKBMAdEueNT11+ikl7R2FzilCkLUgaudRUZCVrU+V4OQogoKVeSFytVBEJTmqIvXm1FR7ZEXcIwOe1p5yfAXRt7kF4U7+IPB3yRl0Tda8C/Efi6HsNlk/2g8a+z4dwBh7+63pOrvILUMdAJ5XWI+3MxT6+ZrXsa9rGSAQQAcxHmrZZ8UNVxTl9HEH1jMgxc6c5kmdSvDFPAIzugxNztoupcV7FYepBYDTdecuhMi8eqEM/Z3rNfe3d22QXkQrZm5IwjWu1Gsn46ovwrs1icSM1Nji0WLzZo53P4Le8N7E4emQ5+aof7j3fQWK6Dwmi002gAANtAFgBoEufkvqI3CoydSORHsG+kzO9+dw+6wHuibmTrHgsxxDA5Jyga6rtfaXEimx4a2XOBaNdxcrkHEqDzrMSSes7JXi55yk+T6Zsy44qK4oz5cUoBm6INwjyRmHT8lYZgBsTN+n1utzmkZFBtlXBUS6Fv+yfC2tBedREaQAdyJnpyssxhMMQD3RPdB2MHX4GFr+D1oDmk3tGxB1jwPzG+o53mzlKDjE3+OlF2zVuhjIBvceewg+S5h2wc9pMl0E2giBzBykGOUrYY3GsiC+LSAYNuV/h4rmnaPH+0eRIIB1BsY+XhZK8DG+XRPKmuILDQBJEyDl5W3+ahlOLyYHpsEi7SRyxAvEry8oQ9KVIEqJBQlXl4IkPFKkK8oBn0FnSOekC8GrkCxMycwJcic2ynRCRQPClJUbkWwiAJYTgmlABZwFQNe1x0m/mIWhe2Vl2IzgMZIyuNxoef6rRgmlpjscq0Cu2uJdTwzg0kF7spI2bBJHnEeaz3ZDDxQLj997j5ABo+RWi7aYf2tANZdwc02GxsT5SoMFTaxjWNFmgAfn80rO7lSNmacV48V7bdkT23SMCsPalYxK4s5pCQiPCcTkdB907dVWc1JTR4tFoy4u0E+M4UPbYCSPT8yuf8U4W3MYGn4I3T7Q+zrvoVbNDZYdS8uj5CyrY6sCTEc/j+iTkjKMuVHThJSgtmTfw4A9LGOU7j4Jv2QN0ImSDyIuQeitYnGMHdkSND0Wex3Gg0ZdT8U7GskhbkohYtAuYjQztKZiMfksdOfIiI8RbzCyr+Lvmwja52VTEY177GAOi1R8dv+xR5voJcV4w58je4n68/VCaVMvcGjUxtPyTWhTYOoWPa7WD+hWmMFBUhMpOT2XDwtzQcxvGg/VUsQ2DC11d/tASBcjWQBpzAOsLLY9jg8g5bbA/UqJuwNKiqvQkKVMKihIE2UoUIPBXk2UqiIKvJpTkQH0AXJC9V8yaSuQyiRca9I56oNeea8Xnmg3ZKLoqJWvCoucovamdVCUFg8JC9DWVTzSVKp5op2Cgm14UoqhAXVTOqcKpgX5qXQaC9SpKax6FtqmDfZVmYh1u8VVbD2HHVU5lRCDVN7pxeYF/qEQ8QznkJocgra7r3Ke2q47nZXqycAB2jpn7ayJlzRq4wI1IGyXiNT+MNwWlu/mESxXDab6vtHNJc0d05niPIGD5qXEcOplxcWkkRBzOt4XWvGrhTGwVJHOeJYUveCAQxrsjjMkkCSemsIdiKbTmc37ps3m0QP18l1Cr2fw5HuH3j9+py/wAkxvZTCf8Ai/71P/ZXS0We2cjrOlxOxMhNAXZh2RwX/gb/AMn/APslb2SwX9Oz/t+avZSjjcJAF2d3ZLBR/wDnZ/2/NMZ2Swcf/QP+T+f+SKYKOf8AD2F7A5xgR1k87DVU8cxsQGwPH58z5rqdLs3he8PZCBMAueQJ6EwpR2awh1w9M33CWX9HEajbxySNau1jspgv6an6J3/xLBf01P0P5q9laOJ5Oif7IjbZdpHZLBf01P0P5pzuymD/AKdnx/NRsDRw9wSkdPrmu3f/ABDBf01P0P5rw7JYL+mp+ilho4jCexi7YeymC/pqf/FMr9lMGIjDs32P5qyYGtH/2Q==",20,A,available
2,22,Cat,Cat1,"data:image/jpeg,base64,/9j/4AAQSkZJRgABAQAAAQABAAD/2wCEAAkGBxMSEhUTExISFhUXFhYWFhUVFxcZFxUVFxYYFhUVFRUYHDQgGh0xHRgTIzEhJSkrLi4uFx8zODMtNygtLisBCgoKDg0OGxAQGy8lICUtLS8tLS0rLS0tKy0tLS0tLS0tLS0tKy0tLS0tLS0vLTUtLS0tLS0tLS0tLS0rLS0tLf/AABEIANMA7wMBIgACEQEDEQH/xAAcAAEAAQUBAQAAAAAAAAAAAAAABAIDBQYHAQj/xAA4EAABAwIEBAQEBQQCAwEAAAABAAIRAyEEEjFBBQZRcRMiYZEHMoGhFCNSwfBCYrHh0fEzcsIV/8QAGQEBAAMBAQAAAAAAAAAAAAAAAAIDBAEF/8QAIhEBAQACAQQCAwEAAAAAAAAAAAECEQMSEyExMkEEIlFh/9oADAMBAAIRAxEAPwDuKIiAiIgIiICIiAiIgIiICIiAiIgIiICIiAiIgIiICIiAiIgIiICIiAiIgIiICjU8cxzywOuPv1hXq7oa4jYE/ZaRh6xM6gtNj0PVQyy0sww6pa3pFF4bi/Fptfvo4dHDUKUpy7V2aEReEoPUUOlxKm5+Rpk37W1upi5Lt2zQiIuuCIiAiIgIiICIiAiIgIiICIiAiIgIiICIiCzjXxTef7Tb6Ln9LHgPLQZ9Y/nQ+y3LmXE+Hhqh9IHc/wAK0GljwxghvmOriD80EwO11m58+mxq4NdNV0+Ya+He7w8pAeC9rwcsFu52MgX9V4fio8VA04djm6lzXEQwgEOk2Fj9isJjWOqAiMzqhLGZicriRJiOgnpMLEDC0yWw1rWBjSM1gxsNzZuwa/UxsVTjyZT7SywxtdVoc/4d1hTrZ5y5co1t/VNtd1ZxvHXVhIEMH9LTObuei5pwmpU8PK8umXecgB0F5Lg4DXU6arYaeKfRyBgLmOAyvabRGkdo9PZS71t1fRjxT6bdyox1SqahEBoMek2H7rb1iOWaOWjO7iT6xoAfusutXHP1Uc13l4ERFNUIiICIiAiIgIiICIiAiIgIiICIiAiIgIiIMPzYQMM8kgAZSSdAARJK5nUrVHtdUbSbkDWCm57iCfEeGNc5jb6mYkbXC6txvDNqUKjXMDxlnKdDHmH+Fz7F0M/mbSdEZKjC2xaf6YmC31H/AFj/ACp5208F8MLys41K/gPpsBw5e9j6bXspuc9nnY5j5vBJzNJFiqqXBWvrgSYluZg0cGkvymds9/opGKrjDYig9pqERUa5r3lwGZsNIMSd/mJN9VFxnECwOp0iPGruFNjjo0OPncY0hod7hY+75kvto6LrcQg0Zg3xaD6/i1S5jKjTkaXHLT3GbKBIj9SnU69SMoDSMwIOmWDBgbmI9laZwyjRBFQTLmuLab3PJcwAMbSJaAxoIaZmRERe0nk+i92MbQc5zw1zXgvAzBhGaDAgjyuE9lPG3O/xC/rHWeFUy2jTB1DGz3i6loi9STTCIiLoIiICIiAiIgIiICIiAiIgIiICIiAiIgIiIPHCbLAOwnhlzYsd7rYFDriSoZ47Sxumh8w8Ep+A55fD6ZNRuZ1iBMsJJ3BMXsY2WLoctVJGIcW53fJTF8jf73AQSfLYadSuh18K13zNB7gFRfwobZoj02HYbLLl+PhWic+WtNWxXBgxpcHBjzuWh4b6hpIWW5IwzfE8SpkNYMLWuyZC4Ey4taSSBYWlXMbh2s87zcA9zAmP9LSH8wnxG1mOAyOlobGV4brA7G47pMZhZa5bcpqO0ooHA+LU8VRbWpmztRu1ws5jvUFT1tZhERAREQEREBERAREQEREBERAREQEREBERAREQUVXQFZcFXijAHdUqNdi2Wq06mpMKzXcGiSoJMNzBg2VKRD2hw1E7EXDgRofVcux1IvqPa1n5dIZm3kF233jvstr5z405/wCVRc7WHZRePT7e60rmHECjRDKdRresXkk7bKjPKW6XYSyMXh+Y8Rh3vfRe6mQc0Aksc7drhN9xf0XT+UPijRrNa3E+R5HzgEtkWIcALd9Fw3G1jLWAz8pJcRJ/qJP83VXDagZXiWw4aiYkT10MLuNuM8GUl9vrOhWa9ocxwc06FpBB7EK4uFcic11MM/K4vc0XdSn5m9WgmA7Qrt+DxLarG1GEFrgHAjcFaMM5kpzwuK8iIpoCIiAiIgIiICIiAiIgIiICIiAiIgIiIInFTFMnpBso+ArZmg/z2U/Esljh6H32WqUcc6mfM4wbx/xZV5XVSk3GyrXubarvDhro6/XdZSrjgGZhf+aLQuZMe/EHI2p4YjzOjQayHbaKvkvhPCeWCrYdzJmoSSSZJvpqOpssDxRrX6NLnaEujyt3s3TZZ1mCw7Naoe7ZxdJ0uW9NFjON4ZgZmY4NvJvfae/7LJj7aa0zEszS6m0nw4n+4XEiOkH2VrCUDUeDl8gIkz/URaDCkV3lhcA3KCwgCdgbEqFgK5puAJPmIiOmkwdVonpXfbZcNbEgDdhMwRf0mxC6f8K+OQ9+ENmkueydnWLgP8wua4ikRWpuuJHzHQntp0/0p/D+ICjjA5kZmnOYm286aGB7qGGWrK7lNzT6JRR8BjG1qbKrDLXtDh9dj67KQtzIIiICIiAiIgIiICIiAiIgIiICIiAiIgLSuY8BFUuv6XsBqt1WpfEDHNoU2VHh2QnK5w0YT8pdfRQ5JuJYXyj8FplzHhxmdPaFr3E8E5pIg27eba/pErK8pcXZVLg0gggEHWVkuPYQOZm3G+8KizeK2XVcyx/CRJ8F9NlQ3yGCCdwDt/LLE8V4biz87WkatgyJnWYt/OiznHePUcLU83zRZjW3Ekan2H1WGqc9MdeLaREHuN+vqFVMb70t6mo8eY9sZ/8AyEQ4DQNGkbdNFj8C3M4DW4hTuNVW16pdTdMtMN3gCQNNdbK3wPDZnNvEye+gFvQz7q/1gr95NsGKksBFmRpJl0f6+n3VfL1RtSpWqbAAN3MRvsdlEoPyvqBxjKABvsTfoJm/qfVe8KxDKOHcSTnc4bSPMcoHrp6KiLK7D8KeIzTqYcmfDcXM/wDQuIj3j3W+rhvw9eaGOoDMIc57XDf8weUdpv8AQLuS18V3izck1kIiKxAREQEREBERAREQEREBERAREQEREBY/j2DbWoPY9ocCDIO6yCoqslpHUEe65ZuEfO7cNU4NiPEDnOw73gRr4f8Aa4nUCdRrELqnCeN0sVTlrgbQb77rkfN/NFajXq4eoxj2tc5hzAXsOlvmntKx3LPMHhVGlhLQTOXZ0DKftHZZ/PtfY2bi/I4qYmtWrOc5ubyNDSRFvmJt6R3Vo8v4JljRF4+YtA9TBNrqfzZzpTp+HTyuc8s8Ty6GT5R66Ln3FK9TGPkUKgHUHaOjrBV2W334Tl8M7xbhtBgDKVMNBu1zTJJF5MXiP4FhqeG8Go0gHLlJP2j9/ostwLCGlOaq19Om0uyxdrhZok2a63eyoBbUl0ZQACQNCDuTsRufUJ/gtUWGoHNNg50nWBOxI10Ivf8Aanw/ErinH5dKHDXLtaOs/urtOpMn9JIZEgOMy0D6je2nVWGVHQaTSfEJmo6YyjpI2je65tJkOF4p7sTne2GsOcdGZRAg6E+q75yhxsYvDtqT5hZ1o00dHQi64VWxdJjfDztgCXBpvbUO2+lrrbvhxxN1PEUr2rFzIm2QCaZj29yFPiy1VfJjuOxIiLWziIiAiIgIiICIiAiIgIiICIiAiIgIiINA5u4BR8R7/Dbmf5iYEk6695XH+Pcl1Q5z2VKYZMttDh3i02Xcucg7O0NGrZLjo0AnbcrnuP4nRLvADw54OgkkXAMnSZIt6rFnlcc7ppxm8fKDX5Op1KVB9R7hVFNjSREENtodrFYDjvCixsfiarm6ANEx0kt191u/MLgGhgpio6m24PlvGaZ9lguXuNYeq402MyVIksG/qLf5UN3e59J+NNdrYmpQw9NpznO4kuefO4AeWxNhrAur9Qjw85BAdlAvENIa7NP1d7wrnMtU1K06wTDdRDekW6r2nhH1zTpiQx4zn1LTkgHtlOl1LbmlGHcW0Q42nWLzafLHabKBUc97i2m1zRPmed9gR1/aFsXEeDuIYymGhrbTE5Ym4vrprorDuHO/LaXvAyjQCcvr91HbukGjRpsAGU1Hm2WASHC5gaD/AGts5FwxqY+j+ZmLHSWtByNDQXET+rZatisCKeaBrDSASC61i4k21+y6P8IMBUbVe9+RoFOAxmjS5wgl25hrhKnxzeURzvh1NERbWUREQEREBERAREQEREBERAREQEREBEXhKDXedABTa4mBJBHWdB7rndXD0PFZTaGj8xpIbaCCHXhdD5sa97RkBIE6AEz6ArSMPw9+YvczMWh7jDSCbQ0Gd/8AhYef5tPF8WP4jWmsQYaG2Y4OHmBixzdvsnCuHMdXGUMAMl2Qa93d1FbhahqkNZ4bTrbO5wt5YIgDW0T2W28K4aaZLn2LhDQbW1mNVDjxtyTyykjE1uW2zLR1HadYH0CmcO4NECNAIJGnZZxzLq+0Bt1feOKuuo9PgzIhQOK8tkNz0xmdABBMaTEe5WdoS4zsp09kmE/jlyrhHNdMscGYikW5yJc0kaAXnSbH6bre/hlxjC4FjqNes5tSoc7XVLg05hozgayTr1U34h8IbXwzhYOBBBt1uLrk+OoOc+lRBzCm0NLhI0JN4v0XPhUvnH0Q7mzBAE/iqRi5yuzH2bdYyt8R+HNg+OXTplp1D/8AK4bR4XVNUeHmggi3SOoEA/yFkqXJlV7/AC/ISSTBF4uYB6/9Lvfv052p9uu1viXw5hGaq5s7uY4D7iT9JV7CfEDA1HhrajoInxHtyU4287yPYLknM3BaLKTfFytcTkDodMjScunciPRQuFcBc9mV7mOhwywYeNPQHvt+3e/TtR3vC8z4SpUNNmIpueBJAO3fRZOlWa75XNd2IP8AhfOfMfLh8SlDgTLQG5DNoBBfNwvH8FrUsbTZRfUbnALvDzAGN5aQDtrCnOVHtPpFFyT/APLxlN5e3GYkMI+RtR8aa3J9hC1bD4njbiQ3G1oE/O8TGkG0z7aqXcR6K+hEXIeSeIY9zH+PWrkgkSXOv0Ile8SrcTztOHqYtxJu0kubHW4ttr1Xes6K66iw/K78UaQ/FBof6RJ7xZZhTQoiIgIiICIiAo+LdEdFIVD2SuUjG1cS0amyutaNour76IOyo/DjaR2Kj0p7iO+kJ0E9ljcbgRUfJ2ELM/h76n3VTaICTFzbCnhlrEqzUwDpAzeWb+oWxZVRUogpcYbQM4Dmstf1FlTUeJdpaO9wvK/CmkzfvJVWH4e1ridzFyeijMbtO3HXhi+IcPdXGU2ZuNyvcJytSbfI2esLYhSAUikwQp9MV9VYmjwek3RjfZSGYCmP6G+wWSyjovMg6LuobQPwNP8AQ32CrGFZ+lvsFMyBehoXXEP8O39I9l6MOP0j2UuF6gjeAP0j2QUPQKSiCwKXoFV4auogpa2FUiICIiAiIgIiICIiC1UVIKqcvECUSEhB4vQkIg8LV5lVSFcFJV6norUK5T0XRWiIgIiICIiAiIgIiICIiAiIgIiICIiAiIgsoF6iDxeoiDxF6iDxERAVdNEQVoiICIiAiIgIiICIiAiIg//Z",20,B,available
3,33,Bird,Bird1,image1,30,C,available
4,44,Rabbit,Rabbit1,image2,40,D,pending
5,55,Fish,Fish1,image3,50,E,pending
6,66,Dog,Dog2,image4,60,F,pending
7,77,Cat,Cat2,image5,70,G,sold
8,88,Bird,Bird2,image6,80,H,sold
9,99,Rabbit,Rabbit2,image7,90,I,sold
10,110,Fish,Fish2,image8,100,J,sold